pid,Assembly_No,Poll_No,Year,Candidate,Candidate_Type,State_Name,Constituency_Name,Party,Last_Party,Votes,Sex,Position,Contested,Turncoat,Incumbent,Vote_Share_Percentage,Margin,Margin_Percentage,Age,Terms,Terms_Contested
AEPY81577,13,0,2016,A. KRISHNAN,GEN,Puducherry,MANNADIPET,DMK,,7260,M,2,2,FALSE,FALSE,27.11,1584,5.92,53,,2
AEPY81577,14,0,2021,A. KRISHNAN @ A.K. KUMAR,,Puducherry,MANNADIPET,DMK,DMK,,M,,2,FALSE,FALSE,,0,,58,,2
AEPY81587,13,0,2016,B. KOBIGA,SC,Puducherry,THIRUBHUVANAI,AINRC,,12143,F,1,2,FALSE,FALSE,44.73,1432,5.27,34,1,2
AEPY81587,14,0,2021,B. KOBIGA,,Puducherry,THIRUBHUVANAI,All India N.R. Congress,AINRC,,F,,2,TRUE,TRUE,,0,,39,1,2
AEPY81595,13,0,2016,A. EGAMBARAM,SC,Puducherry,THIRUBHUVANAI,IND,,55,M,10,2,FALSE,FALSE,0.2,34,0.13,55,,2
AEPY81595,14,0,2021,A EGAMBARAM,,Puducherry,MANGALAM,IND,IND,,M,,2,FALSE,FALSE,,0,,67,,2
AEPY81599,13,0,2016,SAI J SARAVANAN KUMAR,SC,Puducherry,OUSSUDU,BJP,,6345,M,2,2,FALSE,FALSE,24.15,658,2.5,43,,2
AEPY81599,14,0,2021,AK SAI J SARAVANAN KUMAR,,Puducherry,OUSSUDU,BJP,BJP,,M,,2,FALSE,FALSE,,0,,48,,2
AEPY81609,13,0,2016,S.V. SUGUMARAN,GEN,Puducherry,MANGALAM,AINRC,,13955,M,1,2,FALSE,FALSE,44.61,5563,17.78,50,1,2
AEPY81609,14,0,2021,S.V. SUGUMARAN,,Puducherry,VILLIANUR,All India N.R. Congress,AINRC,,M,,2,TRUE,TRUE,,0,,55,1,2
AEPY81610,13,0,2016,S. KUMARAVEL,GEN,Puducherry,MANGALAM,DMK,,8392,M,2,2,FALSE,FALSE,26.83,1268,4.05,45,,2
AEPY81610,14,0,2021,SUN. KUMARAVEL,,Puducherry,MANGALAM,DMK,DMK,,M,,2,FALSE,FALSE,,0,,50,,2
AEPY81638,13,0,2016,M. SIVASANKAR,GEN,Puducherry,OZHUKARAI,ADMK,,3958,M,3,2,FALSE,FALSE,12.83,2552,8.28,55,,2
AEPY81638,14,0,2021,M. SIVASANKAR,,Puducherry,OZHUKARAI,IND,ADMK,,M,,2,FALSE,FALSE,,0,,60,,2
AEPY81659,13,0,2016,D. RAMESH,GEN,Puducherry,KADIRGAMAM,NTK,,265,M,8,2,FALSE,FALSE,0.98,15,0.06,41,,2
AEPY81659,14,0,2021,D. RAMESH,,Puducherry,THATTANCHAVADY,NTK,NTK,,M,,2,FALSE,FALSE,,0,,45,,2
AEPY81661,13,0,2016,K. EZHUMALAI,GEN,Puducherry,KADIRGAMAM,DMDK,,129,M,10,2,FALSE,FALSE,0.48,90,0.33,35,,2
AEPY81661,14,0,2021,K. EZHUMALAI,,Puducherry,INDIRA NAGAR,DMDK,DMDK,,M,,2,FALSE,FALSE,,0,,41,,2
AEPY81674,13,0,2016,K. SETHU @ SETHUSELVAM,GEN,Puducherry,THATTANCHAVADY,CPI,,5296,M,2,2,FALSE,FALSE,22.38,3647,15.41,45,,2
AEPY81674,14,0,2021,K. SETHU @ SETHU SELVAM,,Puducherry,THATTANCHAVADY,CPI,CPI,,M,,2,FALSE,FALSE,,0,,49,,2
AEPY81681,13,0,2016,R. PASUPATHY,GEN,Puducherry,THATTANCHAVADY,IJK,,33,M,10,2,FALSE,FALSE,0.14,0,0,40,,2
AEPY81681,14,0,2021,R PASUPATHY,,Puducherry,NELLITHOPE,IJK,IJK,,M,,2,FALSE,FALSE,,0,,45,,2
AEPY81685,13,0,2016,L. MUNISAMY,GEN,Puducherry,KAMARAJ NAGAR,IND,,1241,M,4,2,FALSE,FALSE,4.82,384,1.49,50,,2
AEPY81685,14,0,2021,L. MUNISAMY,,Puducherry,KAMARAJ NAGAR,AMMK,IND,,M,,2,FALSE,FALSE,,0,,55,,2
AEPY81719,13,0,2016,L. SUBBULAKSHMI,GEN,Puducherry,KALAPET,IJK,,33,F,14,2,FALSE,FALSE,0.12,12,0.04,44,,2
AEPY81719,14,0,2021,L. SUBBULAKSHMI,,Puducherry,KALAPET,IND,IJK,,F,,2,FALSE,FALSE,,0,,47,,2
AEPY81721,13,0,2016,VAIYAPURI MANIKANDAN,GEN,Puducherry,MUTHIALPET,ADMK,,9257,M,1,2,FALSE,FALSE,39.21,2164,9.17,35,1,2
AEPY81721,14,0,2021,VAIYAPURI MANIKANDAN,,Puducherry,MUTHIALPET,ADMK,ADMK,,M,,2,FALSE,TRUE,,0,,39,1,2
AEPY81722,13,0,2016,J. PREGASH KUMAR,GEN,Puducherry,MUTHIALPET,AINRC,,7093,M,2,2,FALSE,FALSE,30.04,1825,7.73,34,,2
AEPY81722,14,0,2021,J. PRAKASH KUMAR,,Puducherry,MUTHIALPET,IND,AINRC,,M,,2,FALSE,FALSE,,0,,39,,2
AEPY81725,13,0,2016,K. MURUGAN,GEN,Puducherry,MUTHIALPET,CPI,,339,M,6,2,FALSE,FALSE,1.44,111,0.47,49,,2
AEPY81725,14,0,2021,K. MURUGAN,,Puducherry,MUTHIALPET,AMMK,CPI,,M,,2,TRUE,FALSE,,0,,46,,2
AEPY81732,13,0,2016,G. MAGESH,GEN,Puducherry,MUTHIALPET,IJK,,13,M,13,2,FALSE,FALSE,0.06,0,0,43,,2
AEPY81732,14,0,2021,G. MAGESH,,Puducherry,MUTHIALPET,IND,IJK,,M,,2,FALSE,FALSE,,0,,48,,2
AEPY81733,10,0,2001,LAKSHMINARAYANAN .K.,,Puducherry,CASSICADE,PMC,,4875,M,1,5,FALSE,FALSE,51.52,1778,18.79,,4,5
AEPY81733,11,0,2006,K. LAKSHMINARAYANAN,GEN,Puducherry,CASSICADE,PMC,PMC,4942,M,1,5,FALSE,TRUE,49.05,216,2.14,45,4,5
AEPY81733,12,0,2011,K. LAKSHMINARAYANAN,GEN,Puducherry,RAJ BHAVAN,INC,PMC,11398,M,1,5,TRUE,TRUE,59.57,7071,36.96,51,4,5
AEPY81733,13,0,2016,K. LAKSHMINARAYANAN,GEN,Puducherry,RAJ BHAVAN,INC,INC,9445,M,1,5,FALSE,TRUE,47.23,2225,11.13,56,4,5
AEPY81733,14,0,2021,K. LAKSHMINARAYANAN,,Puducherry,RAJ BHAVAN,All India N.R. Congress,INC,,M,,5,TRUE,TRUE,,0,,60,4,5
AEPY81745,9,1,1999,Annibal Kennedy,,Puducherry,BUSSY,DMK,,,M,2,6,FALSE,FALSE,,0,,,1,6
AEPY81745,10,0,2001,ANNIBAL KENNEDY,,Puducherry,BUSSY,DMK,DMK,3087,M,1,6,FALSE,FALSE,63.77,2183,45.09,,1,6
AEPY81745,11,0,2006,ANNIBAL KENNEDY,GEN,Puducherry,BUSSY,DMK,DMK,1952,M,2,6,FALSE,TRUE,43.6,1902,42.48,41,1,6
AEPY81745,12,0,2011,ANNIBAL KENNEDY,GEN,Puducherry,OUPALAM,DMK,DMK,6122,M,3,6,FALSE,FALSE,27.35,5963,26.63,46,1,6
AEPY81745,13,0,2016,ANNIBAL KENNEDY,GEN,Puducherry,OUPALAM,DMK,DMK,8503,M,2,6,FALSE,FALSE,36.11,3778,16.05,51,1,6
AEPY81745,14,0,2021,ANNIBAL KENNEDY,,Puducherry,OUPALAM,DMK,DMK,,M,,6,FALSE,FALSE,,0,,56,1,6
AEPY81757,13,0,2016,R. ARUMUGAM @ SARAVANAN,GEN,Puducherry,OUPALAM,JD(U),,8,M,15,4,FALSE,FALSE,0.03,0,0,46,,2
AEPY81757,13,1,2016,R.Arumugam@Saravanan,,Puducherry,NELLITHOPE,JD(United),JD(U),56,M,5,4,TRUE,FALSE,0.21,30,0.11,,,2
AEPY81757,14,0,2021,R. ARUMUGAM @ SARAVANAN,,Puducherry,VILLIANUR,JD(U),JD(United),,M,,4,TRUE,FALSE,,0,,51,,2
AEPY81757,14,0,2021,R ARUMUGAM @ SARAVANAN,,Puducherry,NELLITHOPE,JD(U),JD(U),,M,,4,FALSE,FALSE,,0,,51,,2
AEPY81777,13,0,2016,K. PURUSHOTHAMAN,GEN,Puducherry,NELLITHOPE,PMK,,77,M,8,2,FALSE,FALSE,0.29,26,0.1,45,,2
AEPY81777,14,0,2021,K. PURUSHOTHAMAN,,Puducherry,ORLEAMPETH,IJK,PMK,,M,,2,TRUE,FALSE,,0,,56,,2
AEPY81802,11,0,2006,T. DJEAMOURTHY.,GEN,Puducherry,ARIANKUPPAM,PMC,,11512,M,2,4,FALSE,FALSE,44.5,11027,42.63,46,1,4
AEPY81802,12,0,2011,T.DJEAMOURTHY,GEN,Puducherry,ARIANKUPPAM,INC,PMC,10750,M,2,4,TRUE,FALSE,39.47,8169,29.99,52,1,4
AEPY81802,13,0,2016,T. DJEAMOURTHY,GEN,Puducherry,ARIANKUPPAM,INC,INC,14029,M,1,4,FALSE,FALSE,45.29,6571,21.21,57,1,4
AEPY81802,14,0,2021,T. DJEAMOURTHY,,Puducherry,ARIANKUPPAM,INC,INC,,M,,4,FALSE,TRUE,,0,,61,1,4
AEPY81817,13,0,2016,EMBALAM SELVAM @ R. SELVAM,GEN,Puducherry,MANAVELY,IND,,5831,M,3,2,FALSE,FALSE,21.27,2481,9.05,52,,2
AEPY81817,14,0,2021,EMBALAM SELVAM @ R.SELVAM,,Puducherry,MANAVELY,BJP,IND,,M,,2,FALSE,FALSE,,0,,56,,2
AEPY81826,13,0,2016,"LAKSHMIKANDHAN, U.",SC,Puducherry,EMBALAM,AINRC,,7745,M,1,2,FALSE,FALSE,79.66,6552,67.39,46,1,2
AEPY81826,14,0,2021,U LAKSHMIKANDHAN,,Puducherry,EMBALAM,All India N.R. Congress,AINRC,,M,,2,TRUE,TRUE,,0,,51,1,2
AEPY81828,13,0,2016,"STEEBAN, S.",SC,Puducherry,EMBALAM,DMDK,,135,M,4,2,FALSE,FALSE,1.39,28,0.29,35,,2
AEPY81828,14,0,2021,S. STEEBAN,,Puducherry,EMBALAM,DMDK,DMDK,,M,,2,FALSE,FALSE,,0,,38,,2
AEPY81834,13,0,2016,"VIZEAVENY, V.",SC,Puducherry,NETTAPAKKAM,INC,,10577,F,1,2,FALSE,FALSE,38.96,1468,5.41,45,1,2
AEPY81834,14,0,2021,V VIZEAVENY,,Puducherry,NETTAPAKKAM,INC,INC,,F,,2,FALSE,TRUE,,0,,48,1,2
AEPY81844,13,0,2016,"RAMESH, M.",SC,Puducherry,NETTAPAKKAM,IJK,,17,M,12,2,FALSE,FALSE,0.06,0,0,40,,2
AEPY81844,14,0,2021,M. RAMESH,,Puducherry,OUSSUDU,IJK,IJK,,M,,2,FALSE,FALSE,,0,,45,,2
AEPY81845,13,0,2016,"DANAVELOU, N.",GEN,Puducherry,BAHOUR,INC,,11278,M,1,2,FALSE,FALSE,45.7,2807,11.37,50,1,2
AEPY81845,14,0,2021,N DHANAVELOU,,Puducherry,BAHOUR,All India N.R. Congress,INC,,M,,2,TRUE,TRUE,,0,,54,1,2
AEPY81847,13,0,2016,"VELMURUGAN, P.",GEN,Puducherry,BAHOUR,ADMK,,3732,M,3,2,FALSE,FALSE,15.12,3275,13.27,45,,2
AEPY81847,14,0,2021,P VELMURUGAN,,Puducherry,BAHOUR,AMMK,ADMK,,M,,2,TRUE,FALSE,,0,,50,,2
AEPY81853,13,0,2016,"THIYAGU, A.",GEN,Puducherry,BAHOUR,IND,,63,M,10,2,FALSE,FALSE,0.26,0,0,25,,2
AEPY81853,14,0,2021,A THIYAGU,,Puducherry,BAHOUR,IJK,IND,,M,,2,FALSE,FALSE,,0,,31,,2
AEPY81854,13,0,2016,CHANDIRAPRIYANGA,SC,Puducherry,NEDUNGADU,AINRC,,8789,F,1,2,FALSE,FALSE,34.48,1094,4.29,26,1,2
AEPY81854,14,0,2021,CHANDIRA PRIYANGA,,Puducherry,NEDUNGADU,All India N.R. Congress,AINRC,,F,,2,TRUE,TRUE,,0,,31,1,2
AEPY81880,13,0,2016,M.SIKKANTHAR BATSHA,GEN,Puducherry,KARAIKAL NORTH,NTK,,226,M,7,2,FALSE,FALSE,0.85,50,0.19,39,,2
AEPY81880,14,0,2021,M. SIKKANTHAR BATSHA,,Puducherry,THIRUNALLAR,NTK,NTK,,M,,2,FALSE,FALSE,,0,,44,,2
AEPY81889,13,0,2016,S.MARIE ANTHUVAN,GEN,Puducherry,KARAIKAL SOUTH,NTK,,97,M,8,2,FALSE,FALSE,0.41,17,0.07,36,,2
AEPY81889,14,0,2021,S MARIE ANTHUVAN,,Puducherry,KARAIKAL SOUTH,NTK,NTK,,M,,2,FALSE,FALSE,,0,,42,,2
AEPY81892,13,0,2016,MOHAMED TAMEEM KANI,GEN,Puducherry,KARAIKAL SOUTH,IND,,22,M,11,2,FALSE,FALSE,0.09,0,0,30,,2
AEPY81892,14,0,2021,MOHAMED THAMEEM KANI,,Puducherry,KARAIKAL NORTH,SDPI,IND,,M,,2,FALSE,FALSE,,0,,33,,2
AEPY81908,13,0,2016,ABDUL RAHMAN.V.P,GEN,Puducherry,MAHE,AINRC,,1653,M,4,2,FALSE,FALSE,7.04,1447,6.16,53,,2
AEPY81908,14,0,2021,ADV. V.P. ABDUL RAHMAN,,Puducherry,MAHE,All India N.R. Congress,AINRC,,M,,2,TRUE,FALSE,,0,,58,,2
AEPY81909,13,0,2016,C.K. UMMER MASTER,GEN,Puducherry,MAHE,SDPI,,206,M,5,2,FALSE,FALSE,0.88,24,0.1,67,,2
AEPY81909,14,0,2021,C.K. UMMER MASTER,,Puducherry,MAHE,SDPI,SDPI,,M,,2,FALSE,FALSE,,0,,72,,2
AEPY81912,13,0,2016,JANAKY TEACHER,GEN,Puducherry,MAHE,IND,,51,F,9,2,FALSE,FALSE,0.22,2,0.01,66,,2
AEPY81912,14,0,2021,JANAKY TEACHER,,Puducherry,MAHE,DMDK,IND,,F,,2,FALSE,FALSE,,0,,71,,2
AEPY81918,13,0,2016,PEMMADI DURGA PRASAD,GEN,Puducherry,YANAM,IND,,250,M,4,2,FALSE,FALSE,0.74,102,0.3,34,,2
AEPY81918,14,0,2021,DURGAA PRASAAHD PEMMADI,,Puducherry,YANAM,IND,IND,,M,,2,FALSE,FALSE,,0,,39,,2
AEPY81921,13,0,2016,NATI BURIYYA,GEN,Puducherry,YANAM,IND,,33,M,8,2,FALSE,FALSE,0.1,1,0,61,,2
AEPY81921,14,0,2021,NATI BURIYYA,,Puducherry,YANAM,IND,IND,,M,,2,FALSE,FALSE,,0,,66,,2
AEPY81939,12,0,2011,P. KARTHIKEYAN,SC,Puducherry,OUSSUDU,AINRC,,13327,M,1,3,FALSE,FALSE,58.78,5158,22.75,35,1,3
AEPY81939,13,0,2016,P. KARTHIKEYAN,SC,Puducherry,OUSSUDU,IND,AINRC,3397,M,4,3,FALSE,TRUE,12.93,2455,9.34,40,1,3
AEPY81939,14,0,2021,P. KARTHIKEYAN,,Puducherry,OUSSUDU,INC,IND,,M,,3,FALSE,FALSE,,0,,45,1,3
AEPY81943,12,0,2011,S.T. CALE,SC,Puducherry,OUSSUDU,PB,,77,M,5,3,FALSE,FALSE,0.34,10,0.04,38,,3
AEPY81943,13,0,2016,S.T.PARAMASIVAM ALIAS CALE,SC,Puducherry,THIRUBHUVANAI,IND,PB,213,M,6,3,FALSE,FALSE,0.78,5,0.02,42,,3
AEPY81943,14,0,2021,S.T. PARAMASIVAM @ CALE,,Puducherry,THIRUBHUVANAI,IND,IND,,M,,3,FALSE,FALSE,,0,,47,,3
AEPY81953,12,0,2011,P. MURUGESAN,GEN,Puducherry,MANGALAM,IJK,,43,M,8,3,FALSE,FALSE,0.16,24,0.09,46,,3
AEPY81953,13,0,2016,P. MURUGESAN,GEN,Puducherry,MANGALAM,IND,IJK,105,M,9,3,FALSE,FALSE,0.34,1,0,51,,3
AEPY81953,14,0,2021,P MURUGESAN,,Puducherry,NELLITHOPE,MNM,IND,,M,,3,FALSE,FALSE,,0,,69,,3
AEPY81963,12,0,2011,A. JOHNKUMAR,GEN,Puducherry,OZHUKARAI,DMK,,6833,M,3,3,FALSE,FALSE,28.45,6617,27.55,45,1,3
AEPY81963,13,0,2016,A. JOHNKUMAR,GEN,Puducherry,NELLITHOPE,INC,DMK,18506,M,1,3,TRUE,FALSE,69.16,12141,45.37,51,1,3
AEPY81963,14,0,2021,A. JOHNKUMAR,,Puducherry,KAMARAJ NAGAR,BJP,INC,,M,,3,TRUE,FALSE,,0,,56,1,3
AEPY81967,12,0,2011,S. SATHIYAVEL,GEN,Puducherry,OZHUKARAI,IJK,,78,M,7,3,FALSE,FALSE,0.32,3,0.01,37,,3
AEPY81967,13,0,2016,S. SATHIYAVEL,GEN,Puducherry,OZHUKARAI,IJK,IJK,22,M,14,3,FALSE,FALSE,0.07,2,0.01,42,,3
AEPY81967,14,0,2021,S. SATHIYAVEL,,Puducherry,KADIRGAMAM,IJK,IJK,,M,,3,FALSE,FALSE,,0,,47,,3
AEPY81977,12,1,2011,V.A. AKD.,,Puducherry,INDIRA NAGAR,INC,,7007,,2,2,FALSE,FALSE,28.93,5429,22.41,,,2
AEPY81977,14,0,2021,V. AROUMOUGAME @ AKD,,Puducherry,INDIRA NAGAR,All India N.R. Congress,INC,,M,,2,TRUE,FALSE,,0,,57,,2
AEPY81982,12,1,2011,R.Shanmugam,,Puducherry,INDIRA NAGAR,IJK,,38,,7,3,FALSE,FALSE,0.16,0,0,,,3
AEPY81982,13,0,2016,R. SHANMUGAM,GEN,Puducherry,INDIRA NAGAR,IJK,IJK,14,M,11,3,FALSE,FALSE,0.05,0,0,40,,3
AEPY81982,14,0,2021,R. SHANMUGAM,,Puducherry,THATTANCHAVADY,IJK,IJK,,M,,3,FALSE,FALSE,,0,,45,,3
AEPY82002,12,0,2011,R.V. SAMINATHAN,GEN,Puducherry,LAWSPET,BJP,,1672,M,4,3,FALSE,FALSE,8.5,1025,5.21,42,,3
AEPY82002,13,0,2016,V. SAMINATHAN,GEN,Puducherry,LAWSPET,BJP,BJP,1509,M,4,3,FALSE,FALSE,5.83,712,2.75,48,,3
AEPY82002,14,0,2021,V. SAMINATHAN,,Puducherry,LAWSPET,BJP,BJP,,M,,3,FALSE,FALSE,,0,,51,,3
AEPY82007,9,0,1996,M.O.H.F. SHAJAHAN,,Puducherry,LAWSPET,INC,,10211,M,2,6,FALSE,FALSE,33.78,7615,25.19,,3,6
AEPY82007,10,0,2001,SHAJAHAN .M.O.H.F.,,Puducherry,LAWSPET,INC,INC,12929,M,1,6,FALSE,FALSE,38.51,1967,5.86,,3,6
AEPY82007,11,0,2006,M.O.H.F. SHAHJAHAN,GEN,Puducherry,LAWSPET,INC,INC,17944,M,1,6,FALSE,TRUE,43.06,6958,16.7,42,3,6
AEPY82007,12,0,2011,M.O.H.F SHAHJAHAN,GEN,Puducherry,KALAPET,INC,INC,7766,M,2,6,FALSE,TRUE,34.31,7552,33.36,46,3,6
AEPY82007,13,0,2016,M.O.H.F. SHAHJAHAN,GEN,Puducherry,KALAPET,INC,INC,9839,M,1,6,FALSE,FALSE,35.09,634,2.26,52,3,6
AEPY82007,14,0,2021,M.O.H.F. SHAJAHAN,,Puducherry,KAMARAJ NAGAR,INC,INC,,M,,6,FALSE,TRUE,,0,,57,3,6
AEPY82019,12,0,2011,S. MOTHILAL,GEN,Puducherry,MUTHIALPET,CPI(ML)(L),,148,M,5,2,FALSE,FALSE,0.68,61,0.28,31,,2
AEPY82019,14,0,2021,MOTHILAL .S,,Puducherry,OZHUKARAI,CPI(ML)(L),CPI(ML)(L),,M,,2,FALSE,FALSE,,0,,42,,2
AEPY82036,11,0,2006,G. NEHRU @ KUPPUSAMY,GEN,Puducherry,ORLEAMPETH,IND,,6549,M,2,4,FALSE,FALSE,40.54,5839,36.15,42,1,4
AEPY82036,12,0,2011,G. NEHRU @ KUPPUSAMY,GEN,Puducherry,ORLEAMPETH,AINRC,IND,10986,M,1,4,FALSE,FALSE,55.26,2618,13.17,47,1,4
AEPY82036,13,0,2016,G. NEHRU @ KUPPUSAMY,GEN,Puducherry,ORLEAMPETH,AINRC,AINRC,8130,M,2,4,FALSE,TRUE,39.38,7705,37.33,51,1,4
AEPY82036,14,0,2021,G. NEHRU @ KUPPUSAMY,,Puducherry,ORLEAMPETH,IND,AINRC,,M,,4,FALSE,FALSE,,0,,56,1,4
AEPY82051,12,0,2011,A. BASKAR,GEN,Puducherry,MUDALIARPET,ADMK,,17016,M,1,3,FALSE,FALSE,67.15,9727,38.39,40,2,3
AEPY82051,13,0,2016,A. BASKAR,GEN,Puducherry,MUDALIARPET,ADMK,ADMK,14321,M,1,3,FALSE,TRUE,49.79,5387,18.73,44,2,3
AEPY82051,14,0,2021,A. BASKAR,,Puducherry,MUDALIARPET,ADMK,ADMK,,M,,3,FALSE,TRUE,,0,,49,2,3
AEPY82054,12,0,2011,E. JEGAN @ JEGANADHANE,GEN,Puducherry,MUDALIARPET,IJK,,231,M,4,3,FALSE,FALSE,0.91,108,0.43,31,,3
AEPY82054,13,0,2016,E. JEGANADHANE,GEN,Puducherry,MUDALIARPET,IJK,IJK,25,M,12,3,FALSE,FALSE,0.09,0,0,38,,3
AEPY82054,14,0,2021,E. JEGANADHANE,,Puducherry,MUDALIARPET,IJK,IJK,,M,,3,FALSE,FALSE,,0,,41,,3
AEPY82055,12,0,2011,M. SUBRAMANI,GEN,Puducherry,MUDALIARPET,IND,,123,M,5,2,FALSE,FALSE,0.49,17,0.07,49,,2
AEPY82055,14,0,2021,M. SUBRAMANI,,Puducherry,MANGALAM,MNM,IND,,M,,2,FALSE,FALSE,,0,,38,,2
AEPY82066,12,0,2011,J. VEERASEKARAN,GEN,Puducherry,MANAVELY,IJK,,241,M,4,3,FALSE,FALSE,1,0,0,41,,3
AEPY82066,13,0,2016,J. VEERASEKARAN,GEN,Puducherry,MANAVELY,IND,IJK,165,M,10,3,FALSE,FALSE,0.6,37,0.13,45,,3
AEPY82066,14,0,2021,J VEERASEKARAN,,Puducherry,MANAVELY,IJK,IND,,M,,3,FALSE,FALSE,,0,,50,,3
AEPY82096,8,0,1991,A. M. H. NAZEEM,,Puducherry,KARAIKAL,DMK,,6809,M,1,7,FALSE,FALSE,59.31,2420,21.08,,5,7
AEPY82096,9,0,1996,A.M.H. NAZEEM,,Puducherry,KARAIKAL,DMK,DMK,9474,M,1,7,FALSE,TRUE,71.01,6528,48.93,,5,7
AEPY82096,10,0,2001,A.M.H. NAZEEM,,Puducherry,KARAIKAL,DMK,DMK,6273,M,1,7,FALSE,TRUE,46.92,2304,17.23,,5,7
AEPY82096,11,0,2006,A.M.H. NAZEEM,GEN,Puducherry,KARAIKAL,DMK,DMK,5742,M,1,7,FALSE,TRUE,45.2,191,1.5,44,5,7
AEPY82096,12,0,2011,A.M.H. NAZEEM,GEN,Puducherry,KARAIKAL SOUTH,DMK,DMK,8377,M,1,7,FALSE,TRUE,39.37,1576,7.41,49,5,7
AEPY82096,13,0,2016,A.M.H. NAZEEM,GEN,Puducherry,KARAIKAL SOUTH,DMK,DMK,11084,M,2,7,FALSE,TRUE,46.57,10691,44.92,54,5,7
AEPY82096,14,0,2021,A.M.H. NAZIM,,Puducherry,KARAIKAL SOUTH,DMK,DMK,,M,,7,FALSE,FALSE,,0,,59,5,7
AEPY82112,12,0,2011,KALLA VENKATA RATNAM,GEN,Puducherry,YANAM,IND,,153,M,4,2,FALSE,FALSE,0.52,19,0.06,52,,2
AEPY82112,14,0,2021,KALLA VENKATA RATNAM,,Puducherry,YANAM,IND,IND,,M,,2,FALSE,FALSE,,0,,62,,2
AEPY82161,11,0,2006,OM SAKTHI SEKAR @ S. SEKAR,GEN,Puducherry,NELLITHOPE,ADMK,,9933,M,1,5,FALSE,FALSE,51.69,1443,7.51,46,2,4
AEPY82161,12,0,2011,OMSAKTHI SEKAR,GEN,Puducherry,NELLITHOPE,ADMK,ADMK,13301,M,1,5,FALSE,TRUE,58.51,4518,19.87,50,2,4
AEPY82161,13,0,2016,OMSAKTHI SEKAR,GEN,Puducherry,NELLITHOPE,ADMK,ADMK,6365,M,2,5,FALSE,TRUE,23.79,5767,21.55,56,2,4
AEPY82161,13,1,2016,Omsakthisekar,,Puducherry,NELLITHOPE,AIADMk,ADMK,7565,M,2,5,TRUE,FALSE,28.48,7475,28.14,,2,4
AEPY82161,14,0,2021,OMSAKTHISEKAR,,Puducherry,ORLEAMPETH,ADMK,AIADMk,,M,,5,TRUE,FALSE,,0,,61,2,4
AEPY82176,11,0,2006,S. KUMARAVELU,GEN,Puducherry,ARIANKUPPAM,DMDK,,485,M,3,4,FALSE,FALSE,1.87,184,0.71,36,,4
AEPY82176,12,0,2011,S. KUMARAVELU,GEN,Puducherry,ARIANKUPPAM,IND,DMDK,2581,M,3,4,FALSE,FALSE,9.48,2356,8.65,42,,4
AEPY82176,13,0,2016,S. KUMARAVELU,GEN,Puducherry,ARIANKUPPAM,IND,IND,501,M,4,4,FALSE,FALSE,1.62,23,0.07,46,,4
AEPY82176,14,0,2021,S KUMARAVELU,,Puducherry,ARIANKUPPAM,IND,IND,,M,,4,FALSE,FALSE,,0,,51,,4
AEPY82206,11,0,2006,P. VELU,SC,Puducherry,THIRUBUVANAI,DMDK,,795,M,4,2,FALSE,FALSE,3.77,421,1.99,38,,2
AEPY82206,14,0,2021,P VELU,,Puducherry,BAHOUR,DMDK,DMDK,,M,,2,FALSE,FALSE,,0,,53,,2
AEPY82233,11,0,2006,P. CANNANE,GEN,Puducherry,VILLENOUR,BJP,,286,M,4,3,FALSE,FALSE,1.18,90,0.37,38,,3
AEPY82233,12,0,2011,P. CANNANE,GEN,Puducherry,MANGALAM,BJP,BJP,171,M,5,3,FALSE,FALSE,0.64,66,0.25,44,,3
AEPY82233,14,0,2021,P. CANNANE,,Puducherry,MANGALAM,IND,BJP,,M,,3,FALSE,FALSE,,0,,53,,3
AEPY82239,9,0,1996,A. NAMASIVAYAM,,Puducherry,OZHUKARAI,MDMK,,4301,M,3,6,FALSE,FALSE,22.68,4027,21.23,,4,6
AEPY82239,10,0,2001,A. NAMASSIVAYAM,,Puducherry,OZHUKARAI,TMC(M),MDMK,10164,M,1,6,TRUE,FALSE,45.49,4143,18.54,,4,6
AEPY82239,11,0,2006,A. NAMASSIVAYAM,GEN,Puducherry,OZHUKARAI,INC,TMC(M),14072,M,1,6,TRUE,TRUE,48.14,1248,4.27,37,4,6
AEPY82239,12,0,2011,A. NAMASSIVAYAM,GEN,Puducherry,VILLIANUR,INC,INC,13105,M,1,6,FALSE,TRUE,52.03,1541,6.12,41,4,6
AEPY82239,13,0,2016,A. NAMASSIVAYAM,GEN,Puducherry,VILLIANUR,INC,INC,18009,M,1,6,FALSE,TRUE,57.11,8281,26.26,47,4,6
AEPY82239,14,0,2021,A. NAMASSIVAYAM,,Puducherry,MANNADIPET,BJP,INC,,M,,6,TRUE,TRUE,,0,,51,4,6
AEPY82295,8,0,1991,A. V. SUBRAMANIAN,,Puducherry,KARAIKAL SOUTH,INC,,6189,M,1,5,FALSE,FALSE,61.1,2465,24.33,,3,5
AEPY82295,9,0,1996,A.V. SUBRAMANIAN,,Puducherry,KARAIKAL SOUTH,INC,INC,6676,M,1,5,FALSE,TRUE,57.48,1959,16.87,,3,5
AEPY82295,10,0,2001,A.V. SUBRAMANIAN,,Puducherry,KARAIKAL SOUTH,INC,INC,6138,M,1,5,FALSE,TRUE,51.39,909,7.61,,3,5
AEPY82295,11,0,2006,A.V. SUBRAMANIAN,GEN,Puducherry,KARAIKAL SOUTH,INC,INC,6231,M,2,5,FALSE,TRUE,43.05,6129,42.34,59,3,5
AEPY82295,14,0,2021,A.V. SUBRAMANIAN,,Puducherry,KARAIKAL NORTH,INC,INC,,M,,5,FALSE,FALSE,,0,,74,3,5
AEPY82330,11,0,2006,SURIMILLI SUBBA RAO,GEN,Puducherry,YANAM,IND,,87,M,5,3,FALSE,FALSE,0.48,1,0.01,48,,3
AEPY82330,13,0,2016,SURIMILLI SUBBARAO,GEN,Puducherry,YANAM,IND,IND,27,M,10,3,FALSE,FALSE,0.08,8,0.02,58,,3
AEPY82330,14,0,2021,SURIMILLI SUBBA RAO,,Puducherry,YANAM,IND,IND,,M,,3,FALSE,FALSE,,0,,63,,3
AEPY82381,10,0,2001,ANANTHARAMAN .K.R.,,Puducherry,ARIANKUPPAM,PMK,,5628,M,2,5,FALSE,FALSE,26,2257,10.43,,2,5
AEPY82381,11,0,2006,R.K.R. ANANTHARAMAN,GEN,Puducherry,ARIANKUPPAM,PMK,PMK,13314,M,1,5,FALSE,FALSE,51.47,1802,6.97,33,2,5
AEPY82381,12,0,2011,R.K.R. ANANTHARAMAN,GEN,Puducherry,MANAVELY,PMK,PMK,9646,M,2,5,FALSE,TRUE,40.01,9402,39,38,2,5
AEPY82381,13,0,2016,R.K.R. ANANTHARAMAN,GEN,Puducherry,MANAVELY,INC,PMK,9326,M,1,5,TRUE,FALSE,34.03,2715,9.91,43,2,5
AEPY82381,14,0,2021,R. K. R. ANANTHARAMAN,,Puducherry,MANAVELY,INC,INC,,M,,5,FALSE,TRUE,,0,,48,2,5
AEPY82418,10,0,2001,P. ANGALAN,,Puducherry,THIRUBUVANAI,INC,,4753,M,1,5,FALSE,FALSE,28.6,804,4.84,,3,5
AEPY82418,11,0,2006,ANGALANE,SC,Puducherry,THIRUBUVANAI,INC,INC,10534,M,1,5,FALSE,TRUE,49.91,4156,19.69,37,3,5
AEPY82418,12,0,2011,P. ANGALANE,SC,Puducherry,THIRUBHUVANAI,AINRC,INC,13733,M,1,5,TRUE,TRUE,59.02,4768,20.49,43,3,5
AEPY82418,13,0,2016,P. ANGALANE,SC,Puducherry,THIRUBHUVANAI,INC,AINRC,10711,M,2,5,TRUE,TRUE,39.45,9093,33.49,48,3,5
AEPY82418,14,0,2021,P. ANGALANE,,Puducherry,THIRUBHUVANAI,IND,INC,,M,,5,FALSE,FALSE,,0,,52,3,5
AEPY82442,10,0,2001,C. DJEACOUMAR,,Puducherry,VILLENOUR,TMC(M),,10335,M,1,4,FALSE,FALSE,50.51,4089,19.98,,2,4
AEPY82442,11,0,2006,C. DJEACOUMAR,GEN,Puducherry,VILLENOUR,INC,TMC(M),10441,M,2,4,TRUE,TRUE,43.14,9340,38.59,54,2,4
AEPY82442,12,0,2011,C. DJEACOUMAR,GEN,Puducherry,MANGALAM,INC,INC,14052,M,1,4,FALSE,FALSE,52.59,2293,8.58,57,2,4
AEPY82442,14,0,2021,DJEACOUMAR .C,,Puducherry,MANGALAM,All India N.R. Congress,INC,,M,,4,TRUE,FALSE,,0,,68,2,4
AEPY82467,10,0,2001,N.G. PANNIRSELVAM,,Puducherry,REDDIARPALAYAM,PMK,,5573,M,3,4,FALSE,FALSE,21.84,5363,21.01,,1,4
AEPY82467,12,0,2011,N.G. PANNIR SELVAM,GEN,Puducherry,OZHUKARAI,AINRC,PMK,9071,M,1,4,TRUE,FALSE,37.77,1566,6.52,48,1,4
AEPY82467,13,0,2016,N.G. PANNIRSELVAM,GEN,Puducherry,OZHUKARAI,AINRC,AINRC,7596,M,2,4,FALSE,TRUE,24.63,3638,11.8,54,1,4
AEPY82467,14,0,2021,N.G. PANNIR SELVAM,,Puducherry,OZHUKARAI,All India N.R. Congress,AINRC,,M,,4,TRUE,FALSE,,0,,58,1,4
AEPY82503,6,0,1985,R. KAMALAKKANNAN,,Puducherry,TIRUNALLAR,DMK,,3475,M,2,9,FALSE,FALSE,36.99,2150,22.88,,4,9
AEPY82503,7,0,1990,R. KAMALAKKANNAN,,Puducherry,TIRUNALLAR,IND,DMK,4124,M,1,9,FALSE,FALSE,35.7,426,3.69,,4,9
AEPY82503,8,0,1991,R. KAMALAKKANNAN,,Puducherry,TIRUNALLAR,IND,IND,2994,M,2,9,FALSE,TRUE,28.14,637,5.99,,4,9
AEPY82503,9,0,1996,R. KAMALAKANNAN,,Puducherry,TIRUNALLAR,INC,IND,6063,M,1,9,FALSE,FALSE,48.53,1125,9.01,,4,9
AEPY82503,10,0,2001,R. KAMALAKKANNAN,,Puducherry,TIRUNALLAR,INC,INC,5390,M,1,9,FALSE,TRUE,42,775,6.04,,4,9
AEPY82503,11,0,2006,KAMALAKKANNAN.R,GEN,Puducherry,TIRUNALLAR,INC,INC,6952,M,2,9,FALSE,TRUE,47.73,6775,46.52,48,4,9
AEPY82503,12,0,2011,R. KAMALAKANNAN,GEN,Puducherry,THIRUNALLAR,INC,INC,10862,M,2,9,FALSE,FALSE,47.12,10664,46.26,53,4,9
AEPY82503,13,0,2016,R. KAMALAKKANNAN,GEN,Puducherry,THIRUNALLAR,INC,INC,13138,M,1,9,FALSE,FALSE,51.3,2875,11.23,58,4,9
AEPY82503,14,0,2021,R. KAMALAKKANNAN,,Puducherry,THIRUNALLAR,INC,INC,,M,,9,FALSE,TRUE,,0,,63,4,9
AEPY82570,9,1,1999,A. Anbalagan,,Puducherry,BUSSY,ADMK,,,M,1,6,FALSE,FALSE,,0,,,5,6
AEPY82570,10,0,2001,ANBALAGAN .A.,,Puducherry,OUPALAM,ADMK,ADMK,8416,M,1,6,FALSE,TRUE,59.24,3372,23.73,,5,6
AEPY82570,11,0,2006,"ANBALAGAN, A.",GEN,Puducherry,OUPALAM,ADMK,ADMK,9200,M,1,6,FALSE,TRUE,58.07,3069,19.37,49,5,6
AEPY82570,12,0,2011,A. ANBALAGAN,GEN,Puducherry,OUPALAM,ADMK,ADMK,9536,M,1,6,FALSE,TRUE,42.59,3204,14.31,54,5,6
AEPY82570,13,0,2016,A. ANBALAGAN,GEN,Puducherry,OUPALAM,ADMK,ADMK,9411,M,1,6,FALSE,TRUE,39.97,908,3.86,58,5,6
AEPY82570,14,0,2021,A. ANBALAGAN,,Puducherry,OUPALAM,ADMK,ADMK,,M,,6,FALSE,TRUE,,0,,63,5,6
AEPY82594,9,0,1996,R. SIVA,,Puducherry,ORLEAMPETH,DMK,,8105,M,1,6,FALSE,FALSE,49.16,2998,18.18,,4,6
AEPY82594,10,0,2001,SIVA .R.,,Puducherry,ORLEAMPETH,DMK,DMK,7608,M,1,6,FALSE,TRUE,49.41,3385,21.98,,4,6
AEPY82594,11,0,2006,R. SIVA,GEN,Puducherry,ORLEAMPETH,DMK,DMK,8509,M,1,6,FALSE,TRUE,52.67,1960,12.13,39,4,6
AEPY82594,12,0,2011,R. SIVA,GEN,Puducherry,ORLEAMPETH,DMK,DMK,8368,M,2,6,FALSE,TRUE,42.09,8121,40.85,43,4,6
AEPY82594,13,0,2016,R. SIVA,GEN,Puducherry,ORLEAMPETH,DMK,DMK,11110,M,1,6,FALSE,FALSE,53.82,2980,14.44,49,4,6
AEPY82594,14,0,2021,R. SIVA,,Puducherry,VILLIANUR,DMK,DMK,,M,,6,FALSE,TRUE,,0,,54,4,6
AEPY82665,9,0,1996,M. KANDASAMY,,Puducherry,BAHOUR,TMC(M),,7921,M,1,4,FALSE,FALSE,51.95,700,4.59,,2,4
AEPY82665,10,0,2001,M. KANDASAMY,,Puducherry,BAHOUR,TMC(M),TMC(M),5063,M,2,4,FALSE,TRUE,32.18,2573,16.35,,2,4
AEPY82665,11,0,2006,M. KANDASAMY,SC,Puducherry,BAHOUR,INC,TMC(M),11164,M,1,4,TRUE,FALSE,60.11,4276,23.02,40,2,4
AEPY82665,14,0,2021,M CANDASSAMY,,Puducherry,EMBALAM,INC,INC,,M,,4,FALSE,FALSE,,0,,55,2,4
AEPY82811,9,0,1996,MALLADI UDHAYA LAKSHMI,,Puducherry,YANAM,IND,,12,M,8,6,FALSE,FALSE,0.09,0,0,,,6
AEPY82811,10,0,2001,MALLADI UDAYALAKSHMI,,Puducherry,YANAM,IND,IND,60,F,6,6,FALSE,FALSE,0.38,7,0.04,,,6
AEPY82811,11,0,2006,MALLADI UDAYALAKSHMI,GEN,Puducherry,YANAM,IND,IND,11,F,11,6,FALSE,FALSE,0.06,0,0,39,,6
AEPY82811,12,0,2011,MALLADI UDHAYALAKSHMI,GEN,Puducherry,YANAM,IND,IND,32,F,10,6,FALSE,FALSE,0.11,0,0,43,,6
AEPY82811,13,0,2016,MALLADI UDAYALAKSHMI,GEN,Puducherry,YANAM,IND,IND,32,F,9,6,FALSE,FALSE,0.09,5,0.01,48,,6
AEPY82811,14,0,2021,MALLADI UDAYA LAKSHMI,,Puducherry,YANAM,IND,IND,,F,,6,FALSE,FALSE,,0,,53,,6
AEPY82836,7,0,1990,S. P. SIVAKUMAR,,Puducherry,RAJ BHAVAN,DMK,,2528,M,1,7,FALSE,FALSE,47.58,151,2.84,,4,7
AEPY82836,8,0,1991,S. P. SIVAKUMAR,,Puducherry,RAJ BHAVAN,DMK,DMK,2332,M,2,7,FALSE,TRUE,47.46,2196,44.69,,4,7
AEPY82836,9,0,1996,S.P. SIVAKUMAR,,Puducherry,RAJ BHAVAN,DMK,DMK,2697,M,1,7,FALSE,FALSE,58.54,1538,33.38,,4,7
AEPY82836,10,0,2001,SIVAKUMAR .S.P.,,Puducherry,RAJ BHAVAN,DMK,DMK,2408,M,1,7,FALSE,TRUE,57.79,1100,26.4,,4,7
AEPY82836,11,0,2006,S.P. SIVAKUMAR,GEN,Puducherry,RAJ BHAVAN,DMK,DMK,2590,M,1,7,FALSE,TRUE,66.07,1496,38.16,47,4,7
AEPY82836,13,0,2016,S.P. SIVAKUMAR,GEN,Puducherry,MUTHIALPET,DMK,DMK,5268,M,3,7,FALSE,FALSE,22.31,4719,19.99,56,4,7
AEPY82836,14,0,2021,S.P. SIVAKUMAR,,Puducherry,RAJ BHAVAN,DMK,DMK,,M,,7,FALSE,FALSE,,0,,62,4,7
AEPY82918,8,0,1991,P. RAJAVELU,,Puducherry,BAHOUR,IND,,6377,M,1,7,FALSE,FALSE,48.63,1923,14.66,,3,7
AEPY82918,9,0,1996,P. RAJAVELU,,Puducherry,BAHOUR,INC,IND,7221,M,2,7,FALSE,TRUE,47.36,7140,46.83,,3,7
AEPY82918,10,0,2001,P. RAJAVELU,,Puducherry,BAHOUR,PMC,INC,7696,M,1,7,TRUE,FALSE,48.91,2633,16.73,,3,7
AEPY82918,11,0,2006,P. RAJAVELU,SC,Puducherry,BAHOUR,PMC,PMC,6888,M,2,7,FALSE,TRUE,37.09,6632,35.71,45,3,7
AEPY82918,12,0,2011,P. RAJAVELU,SC,Puducherry,EMBALAM,AINRC,PMC,12933,M,1,7,TRUE,FALSE,96.31,12582,93.7,49,3,7
AEPY82918,13,0,2016,"RAJAVELU, P.",SC,Puducherry,NETTAPAKKAM,AINRC,AINRC,9109,M,2,7,FALSE,TRUE,33.56,4192,15.44,54,3,7
AEPY82918,14,0,2021,P RAJAVELU,,Puducherry,NETTAPAKKAM,All India N.R. Congress,AINRC,,M,,7,TRUE,FALSE,,0,,60,3,7
AEPY82952,8,0,1991,A. MOHAMED YOUSUF,,Puducherry,OZHUKARAI,IND,,87,M,3,2,FALSE,FALSE,0.58,18,0.12,,,2
AEPY82952,14,0,2021,A MOHAMED YOUSUF,,Puducherry,NERAVY T.R. PATTINAM,NTK,IND,,M,,2,FALSE,FALSE,,0,,43,,2
AEPY83009,8,0,1991,S. A. MARIMUTHU,,Puducherry,NEDUNCADU,DMK,,4824,M,2,7,FALSE,FALSE,44.75,0,0,,2,7
AEPY83009,9,0,1996,A. MARIMUTHU,,Puducherry,NEDUNCADU,DMK,DMK,6899,M,1,7,FALSE,FALSE,54.93,1783,14.2,,2,7
AEPY83009,10,0,2001,A. MARIMUTHU,,Puducherry,NEDUNCADU,DMK,DMK,4660,M,2,7,FALSE,TRUE,36.95,2658,21.08,,2,7
AEPY83009,11,0,2006,A.MARIMUTHU,SC,Puducherry,NEDUNCADU,IND,DMK,6143,M,1,7,FALSE,FALSE,43.47,837,5.92,64,2,7
AEPY83009,12,0,2011,A. MARIMUTHU,SC,Puducherry,NEDUNGADU,IND,IND,4984,M,2,7,FALSE,TRUE,22,644,2.84,69,2,7
AEPY83009,13,0,2016,A. MARIMOTTOU,SC,Puducherry,NEDUNGADU,INC,IND,7695,M,2,7,FALSE,FALSE,30.19,4738,18.59,74,2,7
AEPY83009,14,0,2021,A. MARIMUTHU,,Puducherry,NEDUNGADU,INC,INC,,M,,7,FALSE,FALSE,,0,,78,2,7
AEPY83150,7,0,1990,N. RANGASAMY,,Puducherry,THATTANCHAVADY,INC,,8521,M,2,10,FALSE,FALSE,46,8120,43.84,,6,8
AEPY83150,8,0,1991,N. RANGASAMY,,Puducherry,THATTANCHAVADY,INC,INC,12545,M,1,10,FALSE,FALSE,69.71,7260,40.34,,6,8
AEPY83150,9,0,1996,N. RANGASAMY,,Puducherry,THATTANCHAVADY,INC,INC,9989,M,1,10,FALSE,TRUE,42.95,2290,9.85,,6,8
AEPY83150,10,0,2001,N. RANGASAMY,,Puducherry,THATTANCHAVADY,INC,INC,14323,M,1,10,FALSE,TRUE,58.9,5554,22.84,,6,8
AEPY83150,11,0,2006,N. RANGASAMY,GEN,Puducherry,THATTANCHAVADY,INC,INC,27024,M,1,10,FALSE,TRUE,90.23,24998,83.47,56,6,8
AEPY83150,12,0,2011,N. RANGASAMY,GEN,Puducherry,KADIRGAMAM,AINRC,INC,16323,M,1,10,TRUE,TRUE,70.02,9757,41.85,61,6,8
AEPY83150,12,0,2011,N. RANGASAMY,GEN,Puducherry,INDIRA NAGAR,AINRC,AINRC,20685,M,1,10,FALSE,TRUE,83.77,16677,67.54,61,6,8
AEPY83150,13,0,2016,N. RANGASAMY,GEN,Puducherry,INDIRA NAGAR,AINRC,AINRC,15463,M,1,10,FALSE,TRUE,52.69,3404,11.6,67,6,8
AEPY83150,14,0,2021,N. RANGASAMY,,Puducherry,THATTANCHAVADY,All India N.R. Congress,AINRC,,M,,10,TRUE,TRUE,,0,,70,6,8
AEPY83150,14,0,2021,N.RANGASAMY,,Puducherry,YANAM,All India N.R. Congress,All India N.R. Congress,,M,,10,FALSE,TRUE,,0,,70,6,8
AEPY83895,13,0,2016,M. VAITHIANATHAN,GEN,Puducherry,LAWSPET,IND,,5695,M,2,2,FALSE,FALSE,22,1629,6.29,42,,2
AEPY83895,14,0,2021,M. VAITHIANATHAN,,Puducherry,LAWSPET,INC,IND,,M,,2,FALSE,FALSE,,0,,47,,2
AEPY83907,12,0,2011,P.M.L. KALYANA SUNDARAM,GEN,Puducherry,KALAPET,AINRC,,14132,M,1,3,FALSE,FALSE,62.43,6366,28.12,33,1,3
AEPY83907,13,0,2016,P.M.L. KALYANASUNDARAM,GEN,Puducherry,KALAPET,IND,AINRC,9205,M,2,3,FALSE,TRUE,32.83,5364,19.13,38,1,3
AEPY83907,14,0,2021,P.M.L. KALYANASUNDARAM,,Puducherry,KALAPET,BJP,IND,,M,,3,FALSE,FALSE,,0,,43,1,3
DUMP00102,14,0,2021,"K.K. MATHIVADHANAN, M.B.A., M.PHIL.,",,Puducherry,MANNADIPET,BSP,,,M,,1,FALSE,FALSE,,0,,33,,1
DUMP00104,14,0,2021,P. GOPALAKRISHNAN,,Puducherry,MANNADIPET,MNM,,,M,,1,FALSE,FALSE,,0,,39,,1
DUMP00105,14,0,2021,CHITRA,,Puducherry,MANNADIPET,NTK,,,F,,1,FALSE,FALSE,,0,,36,,1
DUMP00106,14,0,2021,C. DHANAVELU,,Puducherry,MANNADIPET,AMMK,,,M,,1,FALSE,FALSE,,0,,33,,1
DUMP00107,14,0,2021,S. MANIKANDAN,,Puducherry,MANNADIPET,DMDK,,,M,,1,FALSE,FALSE,,0,,33,,1
DUMP00108,14,0,2021,CHAMSOUDINE,,Puducherry,MANNADIPET,IND,,,M,,1,FALSE,FALSE,,0,,48,,1
DUMP00109,14,0,2021,SIVAKUMAR. R.M,,Puducherry,MANNADIPET,IND,,,M,,1,FALSE,FALSE,,0,,51,,1
DUMP00110,14,0,2021,SUBBURUMANI,,Puducherry,MANNADIPET,IND,,,M,,1,FALSE,FALSE,,0,,63,,1
DUMP00111,14,0,2021,BRIGHTMOON V. MURUGANANDHAM,,Puducherry,MANNADIPET,IND,,,M,,1,FALSE,FALSE,,0,,46,,1
DUMP00112,14,0,2021,VEERAPPAN,,Puducherry,MANNADIPET,IND,,,M,,1,FALSE,FALSE,,0,,51,,1
DUMP00113,14,0,2021,S. JAYABALL ALIAS SENGENI,,Puducherry,MANNADIPET,IND,,,M,,1,FALSE,FALSE,,0,,45,,1
DUMP00201,14,0,2021,"T. UDAYAKUMAR, MLIS",,Puducherry,THIRUBHUVANAI,BSP,,,M,,1,FALSE,FALSE,,0,,32,,1
DUMP00203,14,0,2021,A. MUHILAN,,Puducherry,THIRUBHUVANAI,DMK,,,M,,1,FALSE,FALSE,,0,,32,,1
DUMP00204,14,0,2021,DR.K. SILAMBARASAN,,Puducherry,THIRUBHUVANAI,AMMK,,,M,,1,FALSE,FALSE,,0,,30,,1
DUMP00205,14,0,2021,V. SIVARAMAN,,Puducherry,THIRUBHUVANAI,IJK,,,M,,1,FALSE,FALSE,,0,,44,,1
DUMP00206,14,0,2021,K. RANJIT,,Puducherry,THIRUBHUVANAI,NTK,,,M,,1,FALSE,FALSE,,0,,25,,1
DUMP00207,14,0,2021,DURAI RAMESH,,Puducherry,THIRUBHUVANAI,MNM,,,M,,1,FALSE,FALSE,,0,,51,,1
DUMP00208,14,0,2021,T. VINAYAGAMOORTHY,,Puducherry,THIRUBHUVANAI,DMDK,,,M,,1,FALSE,FALSE,,0,,39,,1
DUMP00211,14,0,2021,M. SHANTHI,,Puducherry,THIRUBHUVANAI,IND,,,F,,1,FALSE,FALSE,,0,,50,,1
DUMP00212,14,0,2021,S. NADARAJAN,,Puducherry,THIRUBHUVANAI,IND,,,M,,1,FALSE,FALSE,,0,,38,,1
DUMP00213,14,0,2021,M. MANIVANNAN,,Puducherry,THIRUBHUVANAI,IND,,,M,,1,FALSE,FALSE,,0,,49,,1
DUMP00303,14,0,2021,GEETHA PRIYA,,Puducherry,OUSSUDU,NTK,,,F,,1,FALSE,FALSE,,0,,42,,1
DUMP00304,14,0,2021,K. SANKAR,,Puducherry,OUSSUDU,MNM,,,M,,1,FALSE,FALSE,,0,,49,,1
DUMP00305,14,0,2021,R. BABOU,,Puducherry,OUSSUDU,DMDK,,,M,,1,FALSE,FALSE,,0,,48,,1
DUMP00307,14,0,2021,MUTHALU VENGADESAN,,Puducherry,OUSSUDU,AMMK,,,M,,1,FALSE,FALSE,,0,,42,,1
DUMP00308,14,0,2021,ABIMANNAN,,Puducherry,OUSSUDU,IND,,,M,,1,FALSE,FALSE,,0,,61,,1
DUMP00309,14,0,2021,N. AMBIGAPATHY,,Puducherry,OUSSUDU,IND,,,M,,1,FALSE,FALSE,,0,,62,,1
DUMP00311,14,0,2021,A. MURALI,,Puducherry,OUSSUDU,IND,,,M,,1,FALSE,FALSE,,0,,38,,1
DUMP00404,14,0,2021,M. GANAPATHY,,Puducherry,MANGALAM,AMMK,,,M,,1,FALSE,FALSE,,0,,45,,1
DUMP00406,14,0,2021,S. PATCHAIAPPAN,,Puducherry,MANGALAM,DMDK,,,M,,1,FALSE,FALSE,,0,,34,,1
DUMP00407,14,0,2021,B. BHARATHKALAI,,Puducherry,MANGALAM,NTK,,,F,,1,FALSE,FALSE,,0,,25,,1
DUMP00408,14,0,2021,MANAVALAN,,Puducherry,MANGALAM,IJK,,,M,,1,FALSE,FALSE,,0,,58,,1
DUMP00411,14,0,2021,M. KARTHICK,,Puducherry,MANGALAM,IND,,,M,,1,FALSE,FALSE,,0,,35,,1
DUMP00504,14,0,2021,KUMARAVEL,,Puducherry,VILLIANUR,AMMK,,,M,,1,FALSE,FALSE,,0,,47,,1
DUMP00505,14,0,2021,THIAGU,,Puducherry,VILLIANUR,IJK,,,M,,1,FALSE,FALSE,,0,,39,,1
DUMP00506,14,0,2021,A. FAZIL,,Puducherry,VILLIANUR,DMDK,,,M,,1,FALSE,FALSE,,0,,28,,1
DUMP00507,14,0,2021,A. BANUMATHI,,Puducherry,VILLIANUR,MNM,,,F,,1,FALSE,FALSE,,0,,46,,1
DUMP00508,14,0,2021,PRAVEENA,,Puducherry,VILLIANUR,NTK,,,F,,1,FALSE,FALSE,,0,,37,,1
DUMP00509,14,0,2021,R. RAMPRASATH,,Puducherry,VILLIANUR,Puducherry Development Party,,,M,,1,FALSE,FALSE,,0,,29,,1
DUMP00510,14,0,2021,C. GUEDJENDIRANE,,Puducherry,VILLIANUR,IND,,,M,,1,FALSE,FALSE,,0,,60,,1
DUMP00511,14,0,2021,S. SHANMUGASUNDARAM,,Puducherry,VILLIANUR,IND,,,M,,1,FALSE,FALSE,,0,,56,,1
DUMP00512,14,0,2021,P. THANAMOUTTOU,,Puducherry,VILLIANUR,IND,,,M,,1,FALSE,FALSE,,0,,45,,1
DUMP00513,14,0,2021,A. MATHIVANAN,,Puducherry,VILLIANUR,IND,,,M,,1,FALSE,FALSE,,0,,40,,1
DUMP00514,14,0,2021,V. MARAN,,Puducherry,VILLIANUR,IND,,,M,,1,FALSE,FALSE,,0,,46,,1
DUMP00515,14,0,2021,N. DJEAMOURTHY,,Puducherry,VILLIANUR,IND,,,M,,1,FALSE,FALSE,,0,,51,,1
DUMP00601,14,0,2021,R. SHEESHAPILLAI,,Puducherry,OZHUKARAI,BSP,,,M,,1,FALSE,FALSE,,0,,33,,1
DUMP00603,14,0,2021,ANGALANE @ DEVA POZHILAN,,Puducherry,OZHUKARAI,VCK,,,M,,1,FALSE,FALSE,,0,,60,,1
DUMP00604,14,0,2021,EJOUMALE,,Puducherry,OZHUKARAI,AMMK,,,M,,1,FALSE,FALSE,,0,,41,,1
DUMP00607,14,0,2021,S. DATCHANAMOORTHY,,Puducherry,OZHUKARAI,IJK,,,M,,1,FALSE,FALSE,,0,,64,,1
DUMP00608,14,0,2021,R. PAZHANIVELAN,,Puducherry,OZHUKARAI,MNM,,,M,,1,FALSE,FALSE,,0,,42,,1
DUMP00609,14,0,2021,S. PRIYA,,Puducherry,OZHUKARAI,NTK,,,F,,1,FALSE,FALSE,,0,,46,,1
DUMP00611,14,0,2021,GILBERT,,Puducherry,OZHUKARAI,DMDK,,,M,,1,FALSE,FALSE,,0,,41,,1
DUMP00612,14,0,2021,A. SANTHI,,Puducherry,OZHUKARAI,IND,,,F,,1,FALSE,FALSE,,0,,43,,1
DUMP00614,14,0,2021,SIVASANKARAN,,Puducherry,OZHUKARAI,IND,,,M,,1,FALSE,FALSE,,0,,54,,1
DUMP00615,14,0,2021,A S RAMESH,,Puducherry,OZHUKARAI,IND,,,M,,1,FALSE,FALSE,,0,,42,,1
DUMP00616,14,0,2021,N. JEEVANANDAM,,Puducherry,OZHUKARAI,IND,,,M,,1,FALSE,FALSE,,0,,61,,1
DUMP00701,14,0,2021,P. SELVANADANE,,Puducherry,KADIRGAMAM,INC,,,M,,1,FALSE,FALSE,,0,,49,,1
DUMP00702,14,0,2021,K.S.P @ S. RAMESH,,Puducherry,KADIRGAMAM,All India N.R. Congress,,,M,,1,FALSE,FALSE,,0,,41,,1
DUMP00703,14,0,2021,S. GANESAN,,Puducherry,KADIRGAMAM,AMMK,,,M,,1,FALSE,FALSE,,0,,54,,1
DUMP00705,14,0,2021,SUBASRI,,Puducherry,KADIRGAMAM,NTK,,,F,,1,FALSE,FALSE,,0,,40,,1
DUMP00706,14,0,2021,S. MOTCHARAJAN,,Puducherry,KADIRGAMAM,DMDK,,,M,,1,FALSE,FALSE,,0,,46,,1
DUMP00802,14,0,2021,M. KANNAN,,Puducherry,INDIRA NAGAR,INC,,,M,,1,FALSE,FALSE,,0,,53,,1
DUMP00804,14,0,2021,D. EJOUMALE,,Puducherry,INDIRA NAGAR,IJK,,,M,,1,FALSE,FALSE,,0,,47,,1
DUMP00805,14,0,2021,P. SAKTHIVEL,,Puducherry,INDIRA NAGAR,MNM,,,M,,1,FALSE,FALSE,,0,,46,,1
DUMP00806,14,0,2021,T. DEVIKA,,Puducherry,INDIRA NAGAR,NTK,,,F,,1,FALSE,FALSE,,0,,47,,1
DUMP00807,14,0,2021,D. MOHAN,,Puducherry,INDIRA NAGAR,AMMK,,,M,,1,FALSE,FALSE,,0,,43,,1
DUMP00808,14,0,2021,S. KARTHIGAYAN,,Puducherry,INDIRA NAGAR,IND,,,M,,1,FALSE,FALSE,,0,,35,,1
DUMP00904,14,0,2021,S.T. NARASSINGAM,,Puducherry,THATTANCHAVADY,DMDK,,,M,,1,FALSE,FALSE,,0,,57,,1
DUMP00906,14,0,2021,R. RAJENDHIRAN,,Puducherry,THATTANCHAVADY,MNM,,,M,,1,FALSE,FALSE,,0,,56,,1
DUMP00907,14,0,2021,VIMALA SREE. B.,,Puducherry,THATTANCHAVADY,AMMK,,,F,,1,FALSE,FALSE,,0,,57,,1
DUMP00908,14,0,2021,C. ANUSUYA,,Puducherry,THATTANCHAVADY,IND,,,F,,1,FALSE,FALSE,,0,,35,,1
DUMP00909,14,0,2021,L. MANIKANDAN,,Puducherry,THATTANCHAVADY,IND,,,M,,1,FALSE,FALSE,,0,,40,,1
DUMP00910,14,0,2021,K. MURUGAN,,Puducherry,THATTANCHAVADY,IND,,,M,,1,FALSE,FALSE,,0,,55,,1
DUMP01003,14,0,2021,N. NADARAJAN @ SELVA,,Puducherry,KAMARAJ NAGAR,DMDK,,,M,,1,FALSE,FALSE,,0,,43,,1
DUMP01006,14,0,2021,ANANDARAJ,,Puducherry,KAMARAJ NAGAR,IND,,,M,,1,FALSE,FALSE,,0,,33,,1
DUMP01007,14,0,2021,SIVA. ILANGO,,Puducherry,KAMARAJ NAGAR,IND,,,M,,1,FALSE,FALSE,,0,,64,,1
DUMP01008,14,0,2021,S. SAGAYARAJ,,Puducherry,KAMARAJ NAGAR,IND,,,M,,1,FALSE,FALSE,,0,,38,,1
DUMP01009,14,0,2021,VPR. SELVAM,,Puducherry,KAMARAJ NAGAR,IND,,,M,,1,FALSE,FALSE,,0,,45,,1
DUMP01103,14,0,2021,N. CAMATCHY,,Puducherry,LAWSPET,AMMK,,,F,,1,FALSE,FALSE,,0,,50,,1
DUMP01104,14,0,2021,P.V. GOPI KANNAN,,Puducherry,LAWSPET,IJK,,,M,,1,FALSE,FALSE,,0,,39,,1
DUMP01105,14,0,2021,D. SATHIYAMOORTHY,,Puducherry,LAWSPET,MNM,,,M,,1,FALSE,FALSE,,0,,42,,1
DUMP01106,14,0,2021,NIRMAL SINGH,,Puducherry,LAWSPET,NTK,,,M,,1,FALSE,FALSE,,0,,40,,1
DUMP01107,14,0,2021,A. BOOPALAN,,Puducherry,LAWSPET,DMDK,,,M,,1,FALSE,FALSE,,0,,40,,1
DUMP01108,14,0,2021,ANNA DURAI. M,,Puducherry,LAWSPET,IND,,,M,,1,FALSE,FALSE,,0,,53,,1
DUMP01109,14,0,2021,KARUNAKARAN,,Puducherry,LAWSPET,IND,,,M,,1,FALSE,FALSE,,0,,35,,1
DUMP01110,14,0,2021,P. SENTHIL KUMAR,,Puducherry,LAWSPET,IND,,,M,,1,FALSE,FALSE,,0,,34,,1
DUMP01111,14,0,2021,C. PANDIAN,,Puducherry,LAWSPET,IND,,,M,,1,FALSE,FALSE,,0,,49,,1
DUMP01202,14,0,2021,S. MOUTTOUVEL,,Puducherry,KALAPET,DMK,,,M,,1,FALSE,FALSE,,0,,47,,1
DUMP01203,14,0,2021,P. KALIAMURTHY,,Puducherry,KALAPET,AMMK,,,M,,1,FALSE,FALSE,,0,,64,,1
DUMP01204,14,0,2021,K. KAMARAJ,,Puducherry,KALAPET,NTK,,,M,,1,FALSE,FALSE,,0,,36,,1
DUMP01205,14,0,2021,R. CHANDRAMOHAN,,Puducherry,KALAPET,MNM,,,M,,1,FALSE,FALSE,,0,,50,,1
DUMP01206,14,0,2021,S. HARIHARAN,,Puducherry,KALAPET,DMDK,,,M,,1,FALSE,FALSE,,0,,45,,1
DUMP01207,14,0,2021,C. ASOKUMAR @ RAJKUMAR,,Puducherry,KALAPET,IND,,,M,,1,FALSE,FALSE,,0,,51,,1
DUMP01209,14,0,2021,BALASOUBREMANIANE. A,,Puducherry,KALAPET,IND,,,M,,1,FALSE,FALSE,,0,,69,,1
DUMP01210,14,0,2021,A. SENTHIL @ RAMESH,,Puducherry,KALAPET,IND,,,M,,1,FALSE,FALSE,,0,,47,,1
DUMP01211,14,0,2021,E. VIGNESH,,Puducherry,KALAPET,IND,,,M,,1,FALSE,FALSE,,0,,27,,1
DUMP01212,14,0,2021,S. VENGADESSAPEROUMAL,,Puducherry,KALAPET,IND,,,M,,1,FALSE,FALSE,,0,,48,,1
DUMP01301,14,0,2021,R. SARAVANAN,,Puducherry,MUTHIALPET,CPM,,,M,,1,FALSE,FALSE,,0,,39,,1
DUMP01302,14,0,2021,S. SENTHIL KUMARAN,,Puducherry,MUTHIALPET,INC,,,M,,1,FALSE,FALSE,,0,,29,,1
DUMP01303,14,0,2021,BALAMURUGAN,,Puducherry,MUTHIALPET,BSP,,,M,,1,FALSE,FALSE,,0,,38,,1
DUMP01305,14,0,2021,A. ARUNAGIRI,,Puducherry,MUTHIALPET,DMDK,,,M,,1,FALSE,FALSE,,0,,43,,1
DUMP01306,14,0,2021,K. SARAVANAN,,Puducherry,MUTHIALPET,MNM,,,M,,1,FALSE,FALSE,,0,,40,,1
DUMP01307,14,0,2021,M. FARITHA BEGUM,,Puducherry,MUTHIALPET,NTK,,,F,,1,FALSE,FALSE,,0,,35,,1
DUMP01309,14,0,2021,S. KALA,,Puducherry,MUTHIALPET,IND,,,F,,1,FALSE,FALSE,,0,,57,,1
DUMP01403,14,0,2021,ANTHONY SHARMILA,,Puducherry,RAJ BHAVAN,NTK,,,F,,1,FALSE,FALSE,,0,,35,,1
DUMP01404,14,0,2021,G. SATHISHKUMAR,,Puducherry,RAJ BHAVAN,AMMK,,,M,,1,FALSE,FALSE,,0,,53,,1
DUMP01405,14,0,2021,S. PARUVADHAVARDHNIE,,Puducherry,RAJ BHAVAN,MNM,,,F,,1,FALSE,FALSE,,0,,37,,1
DUMP01406,14,0,2021,M. SATHIYAN @ VIMALAN,,Puducherry,RAJ BHAVAN,IND,,,M,,1,FALSE,FALSE,,0,,64,,1
DUMP01407,14,0,2021,S.K. SUBRAMANIAN,,Puducherry,RAJ BHAVAN,IND,,,M,,1,FALSE,FALSE,,0,,68,,1
DUMP01408,14,0,2021,N. MOHAN,,Puducherry,RAJ BHAVAN,IND,,,M,,1,FALSE,FALSE,,0,,70,,1
DUMP01503,14,0,2021,JAYAKUMAR,,Puducherry,OUPALAM,BSP,,,M,,1,FALSE,FALSE,,0,,36,,1
DUMP01504,14,0,2021,M. KILLIVALAVAN,,Puducherry,OUPALAM,IJK,,,M,,1,FALSE,FALSE,,0,,37,,1
DUMP01505,14,0,2021,V. SASIKUMAR,,Puducherry,OUPALAM,DMDK,,,M,,1,FALSE,FALSE,,0,,41,,1
DUMP01506,14,0,2021,SANTHOSH KUMAR,,Puducherry,OUPALAM,MNM,,,M,,1,FALSE,FALSE,,0,,35,,1
DUMP01507,14,0,2021,V. DEVIPRIYA,,Puducherry,OUPALAM,NTK,,,F,,1,FALSE,FALSE,,0,,36,,1
DUMP01508,14,0,2021,P.M.BASKAR,,Puducherry,OUPALAM,AMMK,,,M,,1,FALSE,FALSE,,0,,59,,1
DUMP01509,14,0,2021,MOHAMED SALEEM,,Puducherry,OUPALAM,IND,,,M,,1,FALSE,FALSE,,0,,58,,1
DUMP01510,14,0,2021,K. REYAZ AHAMED,,Puducherry,OUPALAM,IND,,,M,,1,FALSE,FALSE,,0,,49,,1
DUMP01511,14,0,2021,SAMIYAR @ VIJAYAKUMAR BASTE,,Puducherry,OUPALAM,IND,,,M,,1,FALSE,FALSE,,0,,60,,1
DUMP01602,14,0,2021,S. GOPAL,,Puducherry,ORLEAMPETH,DMK,,,M,,1,FALSE,FALSE,,0,,46,,1
DUMP01603,14,0,2021,R. CADIRESSAN,,Puducherry,ORLEAMPETH,DMDK,,,M,,1,FALSE,FALSE,,0,,48,,1
DUMP01604,14,0,2021,KARUNANITHI,,Puducherry,ORLEAMPETH,NTK,,,M,,1,FALSE,FALSE,,0,,36,,1
DUMP01605,14,0,2021,A. SIRAJ @ KANIMOHAMED,,Puducherry,ORLEAMPETH,AMMK,,,M,,1,FALSE,FALSE,,0,,39,,1
DUMP01606,14,0,2021,S. SAKTIVEL,,Puducherry,ORLEAMPETH,MNM,,,M,,1,FALSE,FALSE,,0,,46,,1
DUMP01608,14,0,2021,J. RAVI @ PURUSHOTHAMAN,,Puducherry,ORLEAMPETH,Puratchi Bharatham,,,M,,1,FALSE,FALSE,,0,,42,,1
DUMP01609,14,0,2021,R. RAJA,,Puducherry,ORLEAMPETH,IND,,,M,,1,FALSE,FALSE,,0,,50,,1
DUMP01610,14,0,2021,G. GOPAL,,Puducherry,ORLEAMPETH,IND,,,M,,1,FALSE,FALSE,,0,,31,,1
DUMP01611,14,0,2021,P. GOPALAKRISHNAN,,Puducherry,ORLEAMPETH,IND,,,M,,1,FALSE,FALSE,,0,,41,,1
DUMP01612,14,0,2021,GOPALAKRISHNAN .M,,Puducherry,ORLEAMPETH,IND,,,M,,1,FALSE,FALSE,,0,,41,,1
DUMP01613,14,0,2021,M. SANKAR,,Puducherry,ORLEAMPETH,IND,,,M,,1,FALSE,FALSE,,0,,39,,1
DUMP01615,14,0,2021,V. HARIHARANE,,Puducherry,ORLEAMPETH,IND,,,M,,1,FALSE,FALSE,,0,,45,,1
DUMP01701,14,0,2021,V. CARTIGUEYANE,,Puducherry,NELLITHOPE,DMK,,,M,,1,FALSE,FALSE,,0,,54,,1
DUMP01702,14,0,2021,RICHARDS JOHNKUMAR,,Puducherry,NELLITHOPE,BJP,,,M,,1,FALSE,FALSE,,0,,29,,1
DUMP01703,14,0,2021,D ARIVUMANI,,Puducherry,NELLITHOPE,My India Party,,,M,,1,FALSE,FALSE,,0,,40,,1
DUMP01704,14,0,2021,R ANIFA,,Puducherry,NELLITHOPE,SDPI,,,M,,1,FALSE,FALSE,,0,,53,,1
DUMP01706,14,0,2021,S SASI KUMAR,,Puducherry,NELLITHOPE,NTK,,,M,,1,FALSE,FALSE,,0,,39,,1
DUMP01708,14,0,2021,APR @ A. POOVARAGAVAN,,Puducherry,NELLITHOPE,DMDK,,,M,,1,FALSE,FALSE,,0,,49,,1
DUMP01710,14,0,2021,D JENOVIA,,Puducherry,NELLITHOPE,Puducherry Development Party,,,F,,1,FALSE,FALSE,,0,,42,,1
DUMP01711,14,0,2021,ARUN @ MURUGAN,,Puducherry,NELLITHOPE,IND,,,M,,1,FALSE,FALSE,,0,,31,,1
DUMP01712,14,0,2021,E IRUDHAYARAJ,,Puducherry,NELLITHOPE,IND,,,M,,1,FALSE,FALSE,,0,,41,,1
DUMP01713,14,0,2021,"S ELUMALAI, M.A",,Puducherry,NELLITHOPE,IND,,,M,,1,FALSE,FALSE,,0,,63,,1
DUMP01714,14,0,2021,P SHIVA SANTHOSH,,Puducherry,NELLITHOPE,IND,,,M,,1,FALSE,FALSE,,0,,32,,1
DUMP01715,14,0,2021,N DELHI BABU,,Puducherry,NELLITHOPE,IND,,,M,,1,FALSE,FALSE,,0,,32,,1
DUMP01716,14,0,2021,S PRITHIVIRAJAN,,Puducherry,NELLITHOPE,IND,,,M,,1,FALSE,FALSE,,0,,34,,1
DUMP01801,14,0,2021,L. SAMBATH,,Puducherry,MUDALIARPET,DMK,,,M,,1,FALSE,FALSE,,0,,41,,1
DUMP01803,14,0,2021,M. ARIKRISHNAN,,Puducherry,MUDALIARPET,MNM,,,M,,1,FALSE,FALSE,,0,,54,,1
DUMP01804,14,0,2021,M. MANIKANDAN,,Puducherry,MUDALIARPET,AMMK,,,M,,1,FALSE,FALSE,,0,,27,,1
DUMP01805,14,0,2021,M. VELAVAN,,Puducherry,MUDALIARPET,NTK,,,M,,1,FALSE,FALSE,,0,,28,,1
DUMP01807,14,0,2021,K. KADIRVANAN,,Puducherry,MUDALIARPET,IND,,,M,,1,FALSE,FALSE,,0,,41,,1
DUMP01808,14,0,2021,G. SANTHOSH KUMAR,,Puducherry,MUDALIARPET,IND,,,M,,1,FALSE,FALSE,,0,,40,,1
DUMP01809,14,0,2021,E. THAMIZHARASAN,,Puducherry,MUDALIARPET,IND,,,M,,1,FALSE,FALSE,,0,,29,,1
DUMP01810,14,0,2021,S. NATARAJAN,,Puducherry,MUDALIARPET,IND,,,M,,1,FALSE,FALSE,,0,,50,,1
DUMP01811,14,0,2021,V. MANIKANDAN,,Puducherry,MUDALIARPET,IND,,,M,,1,FALSE,FALSE,,0,,37,,1
DUMP01812,14,0,2021,S. VETRIVELU,,Puducherry,MUDALIARPET,IND,,,M,,1,FALSE,FALSE,,0,,36,,1
DUMP01901,14,0,2021,R. BASKAR @ DATCHANAMOURTTY,,Puducherry,ARIANKUPPAM,All India N.R. Congress,,,M,,1,FALSE,FALSE,,0,,57,,1
DUMP01903,14,0,2021,V INDUMATHY,,Puducherry,ARIANKUPPAM,IJK,,,F,,1,FALSE,FALSE,,0,,29,,1
DUMP01904,14,0,2021,SUNDARAVADIVELU,,Puducherry,ARIANKUPPAM,NTK,,,M,,1,FALSE,FALSE,,0,,27,,1
DUMP01905,14,0,2021,A MOHAMAD KASSIM,,Puducherry,ARIANKUPPAM,SDPI,,,M,,1,FALSE,FALSE,,0,,47,,1
DUMP01906,14,0,2021,V RUTHRAKUMARAN,,Puducherry,ARIANKUPPAM,MNM,,,M,,1,FALSE,FALSE,,0,,61,,1
DUMP01907,14,0,2021,LOURDUSAMY,,Puducherry,ARIANKUPPAM,DMDK,,,M,,1,FALSE,FALSE,,0,,46,,1
DUMP01908,14,0,2021,R KARTHICK,,Puducherry,ARIANKUPPAM,IND,,,M,,1,FALSE,FALSE,,0,,33,,1
DUMP02003,14,0,2021,THAMIZHARASAN,,Puducherry,MANAVELY,BSP,,,M,,1,FALSE,FALSE,,0,,33,,1
DUMP02004,14,0,2021,M S ELANGOVAN,,Puducherry,MANAVELY,NTK,,,M,,1,FALSE,FALSE,,0,,39,,1
DUMP02005,14,0,2021,SUNDARAMBAL @ MALARVIZHI,,Puducherry,MANAVELY,MNM,,,F,,1,FALSE,FALSE,,0,,54,,1
DUMP02006,14,0,2021,V THIRUNAVUKARASU,,Puducherry,MANAVELY,DMDK,,,M,,1,FALSE,FALSE,,0,,45,,1
DUMP02008,14,0,2021,VEERAPUTHIRAN,,Puducherry,MANAVELY,AMMK,,,M,,1,FALSE,FALSE,,0,,56,,1
DUMP02009,14,0,2021,T ANANDAN,,Puducherry,MANAVELY,IND,,,M,,1,FALSE,FALSE,,0,,51,,1
DUMP02010,14,0,2021,DHORAPADIAR @ V.VELUSAMY,,Puducherry,MANAVELY,IND,,,M,,1,FALSE,FALSE,,0,,74,,1
DUMP02101,14,0,2021,D. ARVINDHAN,,Puducherry,EMBALAM,BSP,,,M,,1,FALSE,FALSE,,0,,25,,1
DUMP02104,14,0,2021,N SUTHA,,Puducherry,EMBALAM,NTK,,,M,,1,FALSE,FALSE,,0,,37,,1
DUMP02105,14,0,2021,N SOMANATHAN,,Puducherry,EMBALAM,MNM,,,M,,1,FALSE,FALSE,,0,,48,,1
DUMP02106,14,0,2021,P. VAITHILINGAM,,Puducherry,EMBALAM,IJK,,,M,,1,FALSE,FALSE,,0,,53,,1
DUMP02108,14,0,2021,A MURUGAIYAN,,Puducherry,EMBALAM,IND,,,M,,1,FALSE,FALSE,,0,,51,,1
DUMP02201,14,0,2021,M PARANTHAMAN,,Puducherry,NETTAPAKKAM,BSP,,,M,,1,FALSE,FALSE,,0,,27,,1
DUMP02204,14,0,2021,T KALYANASUNDARAM,,Puducherry,NETTAPAKKAM,JD(U),,,M,,1,FALSE,FALSE,,0,,37,,1
DUMP02205,14,0,2021,D GOVURY,,Puducherry,NETTAPAKKAM,NTK,,,F,,1,FALSE,FALSE,,0,,40,,1
DUMP02206,14,0,2021,M SELVAM,,Puducherry,NETTAPAKKAM,AMMK,,,M,,1,FALSE,FALSE,,0,,62,,1
DUMP02207,14,0,2021,B GNANAOLY,,Puducherry,NETTAPAKKAM,MNM,,,M,,1,FALSE,FALSE,,0,,26,,1
DUMP02208,14,0,2021,A VELU,,Puducherry,NETTAPAKKAM,IJK,,,M,,1,FALSE,FALSE,,0,,37,,1
DUMP02209,14,0,2021,C KRISHNAGOPAL,,Puducherry,NETTAPAKKAM,IND,,,M,,1,FALSE,FALSE,,0,,52,,1
DUMP02210,14,0,2021,S THIRUNAVUKKARASU,,Puducherry,NETTAPAKKAM,IND,,,M,,1,FALSE,FALSE,,0,,52,,1
DUMP02301,14,0,2021,R SENTHILKUMAR,,Puducherry,BAHOUR,DMK,,,M,,1,FALSE,FALSE,,0,,42,,1
DUMP02303,14,0,2021,S GNANAPRAGASH,,Puducherry,BAHOUR,NTK,,,M,,1,FALSE,FALSE,,0,,44,,1
DUMP02305,14,0,2021,C DINESH,,Puducherry,BAHOUR,MNM,,,M,,1,FALSE,FALSE,,0,,26,,1
DUMP02309,14,0,2021,T PALANISAMY,,Puducherry,BAHOUR,IND,,,M,,1,FALSE,FALSE,,0,,47,,1
DUMP02310,14,0,2021,N PONNAMMAL,,Puducherry,BAHOUR,IND,,,F,,1,FALSE,FALSE,,0,,53,,1
DUMP02311,14,0,2021,A MURUGAN,,Puducherry,BAHOUR,IND,,,M,,1,FALSE,FALSE,,0,,48,,1
DUMP02312,14,0,2021,RAMALINGAM V,,Puducherry,BAHOUR,IND,,,M,,1,FALSE,FALSE,,0,,61,,1
DUMP02313,14,0,2021,V RUTHIRAMOORTHY,,Puducherry,BAHOUR,IND,,,M,,1,FALSE,FALSE,,0,,56,,1
DUMP02401,14,0,2021,A. ARULPRAKASH,,Puducherry,NEDUNGADU,BSP,,,M,,1,FALSE,FALSE,,0,,41,,1
DUMP02404,14,0,2021,V. GEETHA,,Puducherry,NEDUNGADU,NTK,,,F,,1,FALSE,FALSE,,0,,25,,1
DUMP02405,14,0,2021,A. GNANASEGARAN,,Puducherry,NEDUNGADU,DMDK,,,M,,1,FALSE,FALSE,,0,,48,,1
DUMP02406,14,0,2021,T. RAJENDIRAN,,Puducherry,NEDUNGADU,AMMK,,,M,,1,FALSE,FALSE,,0,,52,,1
DUMP02407,14,0,2021,T. NARASIMHAN,,Puducherry,NEDUNGADU,IND,,,M,,1,FALSE,FALSE,,0,,40,,1
DUMP02408,14,0,2021,ANDOOR MATHI,,Puducherry,NEDUNGADU,IND,,,M,,1,FALSE,FALSE,,0,,45,,1
DUMP02409,14,0,2021,DR. V. VIGNESWARAN,,Puducherry,NEDUNGADU,IND,,,M,,1,FALSE,FALSE,,0,,37,,1
DUMP02502,14,0,2021,S. RAJASEKARAN,,Puducherry,THIRUNALLAR,BJP,,,M,,1,FALSE,FALSE,,0,,53,,1
DUMP02503,14,0,2021,K. GURU @ SINTHA,,Puducherry,THIRUNALLAR,DMDK,,,M,,1,FALSE,FALSE,,0,,26,,1
DUMP02505,14,0,2021,DHARPARANIYAM,,Puducherry,THIRUNALLAR,AMMK,,,M,,1,FALSE,FALSE,,0,,52,,1
DUMP02506,14,0,2021,PR. SIVA,,Puducherry,THIRUNALLAR,IND,,,M,,1,FALSE,FALSE,,0,,45,,1
DUMP02507,14,0,2021,P. SIMONRAJ,,Puducherry,THIRUNALLAR,IND,,,M,,1,FALSE,FALSE,,0,,42,,1
DUMP02508,14,0,2021,M. MARIAPPANE,,Puducherry,THIRUNALLAR,IND,,,M,,1,FALSE,FALSE,,0,,56,,1
DUMP02509,14,0,2021,S. VINOTH,,Puducherry,THIRUNALLAR,IND,,,M,,1,FALSE,FALSE,,0,,36,,1
DUMP02603,14,0,2021,P. ARULANANDHAM,,Puducherry,KARAIKAL NORTH,IJK,,,M,,1,FALSE,FALSE,,0,,48,,1
DUMP02604,14,0,2021,ANUSUYA,,Puducherry,KARAIKAL NORTH,NTK,,,F,,1,FALSE,FALSE,,0,,34,,1
DUMP02605,14,0,2021,K. SURESH,,Puducherry,KARAIKAL NORTH,MNM,,,M,,1,FALSE,FALSE,,0,,39,,1
DUMP02607,14,0,2021,A. VELUSAMY,,Puducherry,KARAIKAL NORTH,DMDK,,,M,,1,FALSE,FALSE,,0,,39,,1
DUMP02608,14,0,2021,S. MURALI,,Puducherry,KARAIKAL NORTH,IND,,,M,,1,FALSE,FALSE,,0,,45,,1
DUMP02609,14,0,2021,B. RAJENDRAN,,Puducherry,KARAIKAL NORTH,IND,,,M,,1,FALSE,FALSE,,0,,63,,1
DUMP02610,14,0,2021,A. VENGADESH,,Puducherry,KARAIKAL NORTH,IND,,,M,,1,FALSE,FALSE,,0,,31,,1
DUMP02703,14,0,2021,A NEPOLIEAN,,Puducherry,KARAIKAL SOUTH,IJK,,,M,,1,FALSE,FALSE,,0,,30,,1
DUMP02705,14,0,2021,S MOHAMED SEEDIQUE,,Puducherry,KARAIKAL SOUTH,AMMK,,,M,,1,FALSE,FALSE,,0,,47,,1
DUMP02706,14,0,2021,R JAGATEESAN,,Puducherry,KARAIKAL SOUTH,DMDK,,,M,,1,FALSE,FALSE,,0,,43,,1
DUMP02707,14,0,2021,V MURUGAIA RAJENDIRAN,,Puducherry,KARAIKAL SOUTH,IND,,,M,,1,FALSE,FALSE,,0,,63,,1
DUMP02708,14,0,2021,A RAMPRASAD,,Puducherry,KARAIKAL SOUTH,IND,,,M,,1,FALSE,FALSE,,0,,26,,1
DUMP02801,14,0,2021,M.NAGATHIYAGARAJAN,,Puducherry,NERAVY T.R. PATTINAM,DMK,,,M,,1,FALSE,FALSE,,0,,42,,1
DUMP02802,14,0,2021,V.M.C.S.MANOHAREN,,Puducherry,NERAVY T.R. PATTINAM,BJP,,,M,,1,FALSE,FALSE,,0,,45,,1
DUMP02803,14,0,2021,A.ARULRAJU,,Puducherry,NERAVY T.R. PATTINAM,DMDK,,,M,,1,FALSE,FALSE,,0,,39,,1
DUMP02804,14,0,2021,S.SELLAMUTHU,,Puducherry,NERAVY T.R. PATTINAM,IJK,,,M,,1,FALSE,FALSE,,0,,40,,1
DUMP02805,14,0,2021,BALADHANDAYUDHABANI.C,,Puducherry,NERAVY T.R. PATTINAM,AMMK,,,M,,1,FALSE,FALSE,,0,,37,,1
DUMP02807,14,0,2021,GEETHA ANANDAN,,Puducherry,NERAVY T.R. PATTINAM,IND,,,F,,1,FALSE,FALSE,,0,,49,,1
DUMP02808,14,0,2021,V. M. C. S RAJAGANAPATHY,,Puducherry,NERAVY T.R. PATTINAM,IND,,,M,,1,FALSE,FALSE,,0,,51,,1
DUMP02809,14,0,2021,S.SRIDHAR,,Puducherry,NERAVY T.R. PATTINAM,IND,,,M,,1,FALSE,FALSE,,0,,37,,1
DUMP02902,14,0,2021,RAMESH PARAMBATH,,Puducherry,MAHE,INC,,,M,,1,FALSE,FALSE,,0,,60,,1
DUMP02905,14,0,2021,SARATH S UNNITHAN,,Puducherry,MAHE,IND,,,M,,1,FALSE,FALSE,,0,,26,,1
DUMP02906,14,0,2021,N. HARIDASAN MASTER,,Puducherry,MAHE,IND,,,M,,1,FALSE,FALSE,,0,,69,,1
DUMP03001,14,0,2021,SUNKARA KARTHIK,,Puducherry,YANAM,BSP,,,M,,1,FALSE,FALSE,,0,,40,,1
DUMP03003,14,0,2021,PEDAPATI RAMESH BABU,,Puducherry,YANAM,AMMK,,,M,,1,FALSE,FALSE,,0,,37,,1
DUMP03006,14,0,2021,GOLUGULA PRABHAVATHI,,Puducherry,YANAM,IND,,,F,,1,FALSE,FALSE,,0,,63,,1
DUMP03008,14,0,2021,GOLLAPALLI BHARATHI,,Puducherry,YANAM,IND,,,F,,1,FALSE,FALSE,,0,,52,,1
DUMP03009,14,0,2021,SABBATI LOKESWARA RAO,,Puducherry,YANAM,IND,,,M,,1,FALSE,FALSE,,0,,41,,1
DUMP03010,14,0,2021,DAVULURY VEERA VRATHA PATHI,,Puducherry,YANAM,IND,,,M,,1,FALSE,FALSE,,0,,36,,1
DUMP03012,14,0,2021,TEKUMUDI VENKATA RAO,,Puducherry,YANAM,IND,,,M,,1,FALSE,FALSE,,0,,55,,1
DUMP03013,14,0,2021,GOLLAPALLI SRINIVAS ASHOK,,Puducherry,YANAM,IND,,,M,,1,FALSE,FALSE,,0,,28,,1
DUMP03015,14,0,2021,TALATAM SURYA CHANDRA SEKHARA RAO,,Puducherry,YANAM,IND,,,M,,1,FALSE,FALSE,,0,,67,,1
DUMP83909,14,0,2021,V. THANGAMANI,,Puducherry,OZHUKARAI,Puducherry Development Party,,,M,,1,FALSE,FALSE,,0,,40,,1
GEPY14725,14,0,2021,S. CHITRAKALA,,Puducherry,OZHUKARAI,JD(U),,,F,,1,FALSE,FALSE,,0,,44,,1
GEPY14761,14,0,2021,S. SANJIV GANTHI,,Puducherry,OUSSUDU,IND,,,M,,1,FALSE,FALSE,,0,,37,,1
GEPY14767,12,0,2011,K.A.U. ASSANA,GEN,Puducherry,KARAIKAL SOUTH,DMDK,,5966,M,3,3,FALSE,FALSE,28.04,5832,27.41,57,1,3
GEPY14767,13,0,2016,K.A.U. ASANA,GEN,Puducherry,KARAIKAL SOUTH,ADMK,DMDK,11104,M,1,3,TRUE,FALSE,46.66,20,0.08,61,1,3
GEPY14767,14,0,2021,K.A.U.ASSANA MARECAR,,Puducherry,KARAIKAL SOUTH,ADMK,ADMK,,M,,3,FALSE,TRUE,,0,,66,1,3
GEPY76310,11,0,2006,P.R.N.THIRUMURUGAN,GEN,Puducherry,COTCHERY,INC,,9094,M,2,4,FALSE,FALSE,45.17,8685,43.14,33,2,4
GEPY76310,12,0,2011,P.R.N. THIRUMURUGAN,GEN,Puducherry,KARAIKAL NORTH,INC,INC,12155,M,1,4,FALSE,FALSE,55.69,3360,15.39,38,2,4
GEPY76310,13,0,2016,P.R.N. THIRUMURUGAN,GEN,Puducherry,KARAIKAL NORTH,AINRC,INC,13139,M,1,4,TRUE,TRUE,49.39,3298,12.4,44,2,4
GEPY76310,14,0,2021,P.R.N. THIRUMURUGAN,,Puducherry,KARAIKAL NORTH,All India N.R. Congress,AINRC,,M,,4,TRUE,TRUE,,0,,49,2,4
GEPY83886,13,0,2016,A.G. PATHIMARAJ,GEN,Puducherry,VILLIANUR,BSP,,71,M,11,2,FALSE,FALSE,0.23,4,0.01,30,,2
GEPY83886,14,0,2021,A. PATHIMARAJ,,Puducherry,MANGALAM,BSP,BSP,,M,,2,FALSE,FALSE,,0,,35,,2
GEPY83889,14,0,2021,S BASKARAN,,Puducherry,BAHOUR,Puducherry Development Party,,,M,,1,FALSE,FALSE,,0,,45,,1
GEPY83899,14,0,2021,N. SHARMILA BEGUM,,Puducherry,KAMARAJ NAGAR,NTK,,,F,,1,FALSE,FALSE,,0,,32,,1
